ALTER SESSION SET NLS_DATE_FORMAT = 'DD.MM.YYYY'
/
DROP TABLE CUSTOMERS
/
CREATE TABLE  CUSTOMERS (	
    CTMR_ID NUMBER, 
	CTMR_FRST_NAME VARCHAR2(30), 
	CTMR_LAST_NAME VARCHAR2(30), 
	CTMR_STREET_ADDRESS1 VARCHAR2(255), 
	CTMR_STREET_ADDRESS2 VARCHAR2(30), 
	CTMR_CITY VARCHAR2(30), 
	CTMR_STATE VARCHAR2(2), 
	CTMR_POSTAL_CODE NUMBER, 
	CTMR_EMAIL VARCHAR2(30), 
	CTMR_PHONE_NUMBER1 VARCHAR2(30), 
	CTMR_PHONE_NUMBER2 VARCHAR2(30), 
	CTMR_URL VARCHAR2(30), 
	CTMR_CREDIT_LIMIT NUMBER, 
	CTMR_TAGS VARCHAR2(30),
	CTMR_UPDATED_BY NUMBER,
	CTMR_UPDATED_DD DATE,	
	CONSTRAINT CUSTOMERS_PK PRIMARY KEY (CTMR_ID)
	USING INDEX  ENABLE
   )
/
DROP TABLE ORDERS
/
CREATE TABLE  ORDERS (	
	ORDR_ID NUMBER, 
	ORDR_CTMR_ID NUMBER, 
	ORDR_TOTAL NUMBER, 
	ORDR_DD DATE, 
	ORDR_USER_NAME VARCHAR2(30),
	ORDR_TAGS VARCHAR2(30), 
	ORDR_UPDATED_BY NUMBER,
	ORDR_UPDATED_DD DATE, 
	CONSTRAINT ORDERS_PK PRIMARY KEY (ORDR_ID)
    USING INDEX  ENABLE
   )
/
DROP TABLE  ORDER_ITEMS
/
CREATE TABLE  ORDER_ITEMS(	
	ORDR_ITEM_ID NUMBER, 
	ORDR_ITEM_ORDR_ID NUMBER, 
	ORDR_ITEM_PRDT_INFO_ID NUMBER, 
	ORDR_ITEM_UNIT_PRICE NUMBER, 
	ORDR_ITEM_QUANTITY NUMBER, 
	ORDR_ITEM_UPDATED_BY NUMBER,
	ORDR_ITEM_UPDATED_DD DATE, 
	CONSTRAINT ORDER_ITEMS_PK PRIMARY KEY (ORDR_ITEM_ID)
	USING INDEX  ENABLE
   )
/
DROP TABLE PRODUCT_INFO
/
CREATE TABLE  PRODUCT_INFO(
	PRDT_INFO_ID NUMBER, 
	PRDT_INFO_NAME VARCHAR2(30), 
	PRDT_INFO_DESCR VARCHAR2(255), 
	PRDT_INFO_CATEGORY VARCHAR2(30), 
	PRDT_INFO_AVAIL VARCHAR2(1), 
	PRDT_INFO_LIST_PRICE NUMBER, 
	PRDT_INFO_PRODUCT_IMAGE BLOB, 
	PRDT_INFO_MIMETYPE VARCHAR2(30), 
	PRDT_INFO_FILENAME VARCHAR2(30), 
	PRDT_INFO_IMAGE_LAST_UPDATE DATE, 
	PRDT_INFO_TAGS VARCHAR2(30), 
	PRDT_INFO_UPDATED_BY NUMBER,
	PRDT_INFO_UPDATED_DD DATE, 
	CONSTRAINT PRODUCT_INFO_PK PRIMARY KEY (PRDT_INFO_ID)
	USING INDEX  ENABLE
   )
/
DROP TABLE STATES
/
CREATE TABLE  STATES(
	STTS_ID NUMBER, 
	STTS_ST VARCHAR2(2), 
	STTS_STATE_NAME VARCHAR2(30), 
	STTS_UPDATED_BY NUMBER,
	STTS_UPDATED_DD DATE, 
	CONSTRAINT STATES_PK PRIMARY KEY (STTS_ID)
	USING INDEX  ENABLE
   )
/
DROP TABLE DEPARTMENTS
/
CREATE TABLE  DEPARTMENTS(
	DEPT_ID NUMBER, 
	DEPT_NAME VARCHAR2(50), 
	DEPT_LOCATION VARCHAR2(50), 
	DEPT_UPDATED_BY NUMBER,
	DEPT_UPDATED_DD DATE, 
	CONSTRAINT DEPT_PK PRIMARY KEY (DEPT_ID)
	USING INDEX  ENABLE
   )
/


 CREATE SEQUENCE   CUSTOMERS_SEQ  
 MINVALUE 1 MAXVALUE 9999999999999999999999999999 
 INCREMENT BY 1 START WITH 8 CACHE 20 
/
 CREATE SEQUENCE   ORDERS_SEQ  
 MINVALUE 1 MAXVALUE 9999999999999999999999999999 
 INCREMENT BY 1 START WITH 11 CACHE 20
/
 CREATE SEQUENCE   ORDER_ITEMS_SEQ  
 MINVALUE 1 MAXVALUE 9999999999999999999999999999 
 INCREMENT BY 1 START WITH 149 CACHE 20
/
 CREATE SEQUENCE   PRODUCT_INFO_SEQ  
 MINVALUE 1 MAXVALUE 9999999999999999999999999999 
 INCREMENT BY 1 START WITH 11 CACHE 20
/
 CREATE SEQUENCE   STATES_SEQ  
 MINVALUE 1 MAXVALUE 9999999999999999999999999999 
 INCREMENT BY 1 START WITH 1 CACHE 20
/
CREATE SEQUENCE   DEPARTMENTS_SEQ  
 MINVALUE 1 MAXVALUE 9999999999999999999999999999 
 INCREMENT BY 1 START WITH 100 CACHE 20
/
CREATE OR REPLACE TRIGGER  BI_CUSTOMERS 
  BEFORE INSERT ON CUSTOMERS              
  FOR EACH ROW 
BEGIN  
  IF :NEW.CTMR_ID IS NULL THEN
    SELECT CUSTOMERS_SEQ.NEXTVAL INTO :NEW.CTMR_ID FROM SYS.DUAL;
  END IF;
  :NEW.CTMR_UPDATED_DD := SYSDATE;
  :NEW.CTMR_UPDATED_BY := APEX_UTIL.GET_CURRENT_USER_ID;
END;
/
ALTER TRIGGER  BI_CUSTOMERS ENABLE
/
CREATE OR REPLACE TRIGGER  BI_ORDERS 
  BEFORE INSERT ON ORDERS              
  FOR EACH ROW 
BEGIN  
  IF :NEW.ORDR_ID IS NULL THEN
    SELECT ORDERS_SEQ.NEXTVAL INTO :NEW.ORDR_ID FROM SYS.DUAL;
  END IF;
  :NEW.ORDR_UPDATED_DD := SYSDATE;
  :NEW.ORDR_UPDATED_BY := APEX_UTIL.GET_CURRENT_USER_ID;
END;

/
ALTER TRIGGER  BI_ORDERS ENABLE
/
CREATE OR REPLACE TRIGGER  BI_ORDER_ITEMS 
  BEFORE INSERT ON ORDER_ITEMS              
  FOR EACH ROW 
BEGIN  
  IF :NEW.ORDR_ITEM_ID IS NULL THEN
    SELECT ORDER_ITEMS_SEQ.NEXTVAL INTO :NEW.ORDR_ITEM_ID FROM SYS.DUAL;
  END IF;
  :NEW.ORDR_ITEM_UPDATED_DD := SYSDATE;
  :NEW.ORDR_ITEM_UPDATED_BY := APEX_UTIL.GET_CURRENT_USER_ID;
END;

/
ALTER TRIGGER  BI_ORDER_ITEMS ENABLE
/
CREATE OR REPLACE TRIGGER  BI_PRODUCT_INFO 
  BEFORE INSERT ON PRODUCT_INFO              
  FOR EACH ROW 
BEGIN  
  IF :NEW.PRDT_INFO_ID IS NULL THEN
    SELECT PRODUCT_INFO_SEQ.NEXTVAL INTO :NEW.PRDT_INFO_ID FROM SYS.DUAL;
  END IF;
  :NEW.PRDT_INFO_UPDATED_DD := SYSDATE;
  :NEW.PRDT_INFO_UPDATED_BY := APEX_UTIL.GET_CURRENT_USER_ID;
END;
/
ALTER TRIGGER  BI_PRODUCT_INFO ENABLE
/

CREATE OR REPLACE TRIGGER  BI_STATES 
  BEFORE INSERT ON STATES              
  FOR EACH ROW 
BEGIN  
  IF :NEW.STTS_ID IS NULL THEN
    SELECT STATES_SEQ.NEXTVAL INTO :NEW.STTS_ID FROM SYS.DUAL;
  END IF;
  :NEW.STTS_UPDATED_DD := SYSDATE;
  :NEW.STTS_UPDATED_BY := APEX_UTIL.GET_CURRENT_USER_ID;
END;

/
ALTER TRIGGER  BI_STATES ENABLE
/

CREATE OR REPLACE TRIGGER  BI_DEPARTMENTS 
  BEFORE INSERT ON DEPARTMENTS              
  FOR EACH ROW 
BEGIN  
  IF :NEW.DEPT_ID IS NULL THEN
    SELECT DEPARTMENTS_SEQ.NEXTVAL INTO :NEW.DEPT_ID FROM SYS.DUAL;
  END IF;
  :NEW.DEPT_UPDATED_DD := SYSDATE;
  :NEW.DEPT_UPDATED_BY := APEX_UTIL.GET_CURRENT_USER_ID;
END;

/
ALTER TRIGGER  BI_DEPARTMENTS ENABLE
/


INSERT INTO CUSTOMERS 
VALUES (1,'John','Dulles','45020 Aviation Drive','','Sterling','VA','20166','john.dulles@email.com','703-555-2143','703-555-8967','http://www.johndulles.com','1000','', '', '')
/
INSERT INTO CUSTOMERS 
VALUES (2,'William','Hartsfield','6000 North Terminal Parkway','','Atlanta','GA','30320','','404-555-3285','','','1000','REPEAT CUSTOMER', '', '')
/
INSERT INTO CUSTOMERS 
VALUES (3,'Edward','Logan','1 Harborside Drive','','East Boston','MA','02128','','617-555-3295','','','1000','REPEAT CUSTOMER','','')
/
INSERT INTO CUSTOMERS 
VALUES (4,'Frank','OHare','10000 West OHare','','Chicago','IL','60666','','773-555-7693','','','1000','','','')
/
INSERT INTO CUSTOMERS 
VALUES (5,'Fiorello','LaGuardia','Hangar Center','Third Floor','Flushing','NY','11371','','212-555-3923','','','1000','','','')
/
INSERT INTO CUSTOMERS 
VALUES (6,'Albert','Lambert','10701 Lambert International Blvd.','','St. Louis','MO','63145','','314-555-4022','','','1000','','', '')
/
INSERT INTO CUSTOMERS 
VALUES (7,'Eugene','Bradley','Schoephoester Road','','Windsor Locks','CT','06096','','860-555-1835','','','1000','REPEAT CUSTOMER', '', '')
/

INSERT INTO ORDERS
VALUES(1,'7','1890', '03.08.2016','DEMO','','','')
/
INSERT INTO ORDERS
VALUES(2,'1','2380', '17.08.2016','DEMO','LARGE ORDER','','')
/
INSERT INTO ORDERS
VALUES(3,'2','1640', '28.08.2016','DEMO','','','')
/
INSERT INTO ORDERS
VALUES(4,'5','1090','30.08.2016','DEMO','','','')
/
INSERT INTO ORDERS
VALUES(5,'6','950','09.09.2016','DEMO','','','')
/
INSERT INTO ORDERS
VALUES(6,'3','1515','14.09.2016','DEMO','','','')
/
INSERT INTO ORDERS
VALUES(7,'3','905','19.09.2016','DEMO','','','')
/
INSERT INTO ORDERS
VALUES(8,'4','1060','27.09.2016','DEMO','','','')
/
INSERT INTO ORDERS
VALUES(9,'2','730','03.10.2016','DEMO','','','')
/
INSERT INTO ORDERS
VALUES(10,'7','870','06.10.2016','DEMO','','','')
/

INSERT INTO ORDER_ITEMS
VALUES(100,'1','1','50','10','','')
/
INSERT INTO ORDER_ITEMS
VALUES(101,'1','2','80','8','','')
/
INSERT INTO ORDER_ITEMS
VALUES(102,'1','3','150','5','','')
/
INSERT INTO ORDER_ITEMS
VALUES(103,'2','1','50','3','','')
/
INSERT INTO ORDER_ITEMS
VALUES(104,'2','2','80','3','','')
/
INSERT INTO ORDER_ITEMS
VALUES(105,'2','3','150','3','','')
/
INSERT INTO ORDER_ITEMS
VALUES(106,'2','4','60','3','','')
/
INSERT INTO ORDER_ITEMS
VALUES(107,'2','5','80','3','','')
/
INSERT INTO ORDER_ITEMS
VALUES(108,'2','6','120','2','','')
/
INSERT INTO ORDER_ITEMS
VALUES(109,'2','7','30','2','','')
/
INSERT INTO ORDER_ITEMS
VALUES(110,'2','8','125','4','','')
/
INSERT INTO ORDER_ITEMS
VALUES(111,'2','9','110','2','','')
/
INSERT INTO ORDER_ITEMS
VALUES(112,'2','10','50','2','','')
/
INSERT INTO ORDER_ITEMS
VALUES(113,'3','4','60','4','','')
/
INSERT INTO ORDER_ITEMS
VALUES(114,'3','5','80','4','','')
/
INSERT INTO ORDER_ITEMS
VALUES(115,'3','6','120','4','','')
/
INSERT INTO ORDER_ITEMS
VALUES(116,'3','8','125','4','','')
/
INSERT INTO ORDER_ITEMS
VALUES(117,'3','10','50','2','','')
/
INSERT INTO ORDER_ITEMS
VALUES(118,'4','6','120','2','','')
/
INSERT INTO ORDER_ITEMS
VALUES(119,'4','7','30','6','','')
/
INSERT INTO ORDER_ITEMS
VALUES(120,'4','8','125','2','','')
/
INSERT INTO ORDER_ITEMS
VALUES(121,'4','9','110','2','','')
/
INSERT INTO ORDER_ITEMS
VALUES(122,'4','10','50','4','','')
/
INSERT INTO ORDER_ITEMS
VALUES(123,'5','1','50','3','','')
/
INSERT INTO ORDER_ITEMS
VALUES(124,'5','2','80','2','','')
/
INSERT INTO ORDER_ITEMS
VALUES(125,'5','3','150','2','','')
/
INSERT INTO ORDER_ITEMS
VALUES(126,'5','4','60','3','','')
/
INSERT INTO ORDER_ITEMS
VALUES(127,'5','5','80','2','','')
/
INSERT INTO ORDER_ITEMS
VALUES(128,'6','3','150','3','','')
/
INSERT INTO ORDER_ITEMS
VALUES(129,'6','6','120','3','','')
/
INSERT INTO ORDER_ITEMS
VALUES(130,'6','8','125','3','','')
/
INSERT INTO ORDER_ITEMS
VALUES(131,'6','9','110','3','','')
/
INSERT INTO ORDER_ITEMS
VALUES(132,'7','1','50','2','','')
/
INSERT INTO ORDER_ITEMS
VALUES(133,'7','2','80','2','','')
/
INSERT INTO ORDER_ITEMS
VALUES(134,'7','4','60','2','','')
/
INSERT INTO ORDER_ITEMS
VALUES(135,'7','5','80','2','','')
/
INSERT INTO ORDER_ITEMS
VALUES(136,'7','7','30','3','','')
/
INSERT INTO ORDER_ITEMS
VALUES(137,'7','8','125','1','','')
/
INSERT INTO ORDER_ITEMS
VALUES(138,'7','10','50','3','','')
/
INSERT INTO ORDER_ITEMS
VALUES(139,'8','2','80','2','','')
/
INSERT INTO ORDER_ITEMS
VALUES(140,'8','3','150','3','','')
/
INSERT INTO ORDER_ITEMS
VALUES(141,'8','6','120','1','','')
/
INSERT INTO ORDER_ITEMS
VALUES(142,'8','9','110','3','','')
/
INSERT INTO ORDER_ITEMS
VALUES(143,'9','4','60','4','','')
/
INSERT INTO ORDER_ITEMS
VALUES(144,'9','5','80','3','','')
/
INSERT INTO ORDER_ITEMS
VALUES(145,'9','8','125','2','','')
/
INSERT INTO ORDER_ITEMS
VALUES(146,'10','1','50','5','','')
/
INSERT INTO ORDER_ITEMS
VALUES(147,'10','2','80','4','','')
/
INSERT INTO ORDER_ITEMS
VALUES(148,'10','3','150','2','','')
/

INSERT INTO PRODUCT_INFO
VALUES(1,'Business Shirt','Wrinkle-free cotton business shirt','Mens','Y','50','FFD8FFE000104A46494600010100000100010000FFDB00840009060610100F120D12140F130F1210171510141410100F1410101410151614101414171B261E1719231912121F2F2023282C2C2C2C151F31353C2A35262B2C2901090A0A0D0A0D190C0E1A291E1C1829352929292934292C29292934302C3435292929292C3229292C2E30292C2A2929292929292A34342929292A362934293229FFC00011080068006803012200021101031101FFC4001B00000203010101000000000000000000000005020304010706FFC400381000020102030406060A0300000000000000010203110412210531415161718191B1D113162252A1C10632627292A2B2E1F0F1144253FFC40014010100000000000000000000000000000000FFC40014110100000000000000000000000000000000FFDA000C03010002110311003F00F71000000038DD80CD8DDA54E8FD7767C12D5BEC17FAD14F8467F0425C52752ACE6EEEF2D38E9C2DD962FA7B39DAFBBAD80D7D6487B92EF45B4B6FD27BD4A3D6AFE026A5826DB5C8B6585CBBD3F15F003E969D55259934D3E28909F62D55193A775AACCB5E4D2D3BFE0380000000000000000306D1C7BA6D452576AF77C3B05D3AB29272936F46D747616ED377AAD72497CFE6432E8D74018B0352DEC9B65BB4304A8B8BB9BE35565CCDA4B9B028A2E4E4D6693CBBD7A3CA9DD70935AF6335CEAA8ACCC850C5427B9AEADCFAEDBCCB8F9DD018A9576EBA9BD13BAB2E09AD3E23AA1899C773D393D50A30D45B9C5F292F11C4D00D30D5B3C54B7735C9A2D316CD96928F4DFBFF00A368000000000009314AF526FED782488C5D8ED4FAD2FBCFC59D4C0C98DC5C29ABCB7BDD15AB9752153C0E2312D395E953E09DD59756F6FA47F0A714DB495DEF7C7BC9E6E2025AFF0047249274E6EEB726EDF14729CEB474AD09597FB2D7BEDBC76AA0019B096D24ACD741A991549277B24FA34BF5F326C0BF02ED3EB88C05D4349C7AFC50C4000000000004553EB4BEF3FD4C89D9BF6A4BED3FD4CED80132C488E43B18D80924EFC2D6D02DA9240076C409391C881645D9A7C9AF1198AA5B86917749F34074000008CE564DBDC95DF612336D0A96A72E9D3BC04C9712CBD8AA555477FF003F972553556E7A77BB0175395D26F7D89A2BB924C0929ABDB4BF207239955EFC4E30244A2884592B81218619DE11EAF016A66FC14BD8EA6FC6FF003034000000BF6C26E31D6DED6EB2D74180AB6CD4D631E86FBFFA0174AF75C55F57A69F02CBF1E9F995FA65C5A5DA5753190D1668DDB56575CC0D8892650EB1CFF200D2A471B323C747364E3FB5CB3D381A1324999957458AA202D36ECE96925D37EF5FB0BB31B366CBDA6B9AF07FB80C40000059B536142BC94DB926959DB5BAE1D0B880018BD49C33DF9DF6C57C8ED3FA13858C9497A44D3BA7996FEE000362D814FDEABF89791C7F47E973A9F897900010F56695F366AB7FBCBC89FABD4FDEABF8A3E47000EFABF0F7EA77C7C816C08FBF53F2F9000125B157FD2A7E5F22DC2ECEC92CD9E4F4DCD25E00006D00003FFFD9','image/jpeg', 'shirt.jpg' ,SYSDATE,'TOP SELLER','','')
/
INSERT INTO PRODUCT_INFO
VALUES(2,'Trousers','Black trousers suitable for every business man','Mens','Y','80','FFD8FFE000104A46494600010100000100010000FFDB004300090607080706090807080A0A090B0D160F0D0C0C0D1B14151016201D2222201D1F1F2428342C242631271F1F2D3D2D3135373A3A3A232B3F443F384334393A37FFDB0043010A0A0A0D0C0D1A0F0F1A37251F253737373737373737373737373737373737373737373737373737373737373737373737373737373737373737373737373737FFC00011080068006803012200021101031101FFC4001C0001010002030101000000000000000000000701050406080203FFC4003D1000010303000507080807000000000000010002030405110607122141132231516171A123328191B1B2C1D11415174273A2C2E1083552626392F0FFC400160101010100000000000000000000000000000102FFC400161101010100000000000000000000000000000131FFDA000C03010002110311003F00B822220CAC2220D36995DA6B168B5CEE94DC919A969DD2462504B4BB8038238A81FDABE9954641B9450FE15247F1055135FF00719A9F4628A82225ACADAA025238B583680FF6D9F528640730B2403EF7387664FCD54AED726B0F4B651CFD20ABC7F8E28DBEC62F96699E9387B2575EAE2F0241CD339009E9C1031B968E2635B308F1B8B3687FDE80BF6899B54F82778760F7E4223D4764B9C379B4D2DC69811154461E03BA47583DC7217394E75275D24D63ADA17BB69B4B51B51E4EF0D78CE3D60FAD519468E288880888832B088832B0888239FC424DB42CB4CDE91CAC9E2C1F351DA3CF9685E31839C761562D7DC61D5D65706E5DC94C0F7658A3F2F92AB8DFD01C0B4FB5547323396C2FFBCD3B2572E2DCF76EDC4839EA2B894FE71683CD3BD72C1C222A1A8E90FD3EF118E83144EF5177CD57148F519138D65E26079A2389847692E3F055C5161C5111144444044441958444126D7B47E52C737E3B3DC2A3978E646D9319C387B55B35EACCDBACF2637B6A9EDCF7B3F6516BC0CD13B72ACD628DD9D82B9A3A16AE85FE4D87B96CDDB813D43A0A0ADEA24E692F3BBA278C7E52AA6A5DA88C1B65DDE38D4B3DC55151A87144440444419584441958444130D7A39FF565A1A3CC354F27BC3377C546AB5BB7016F5E7D8AD3AF28F6ACD6C7EEE6D59DD9FEC2A31543C91559BAD4D01CD3E388385B57CC1A59B5E6BDBD5C56A2DC41E51B9FBCB6407290341192C38282CFA85FE4F750785537DC0AA2A57A8527EADBBB0F0A867BBFB2AA28D1C511101111011110111104E35DF1ED582DF2648D9ACC77E58EF928A551E663AD5AB5E240D1FB70E3F4E1EE3944EA5D81E8552EB596EA771A7AA9D993C94CC616F0E7079CFE55B2A576D31E47A5A46F053472865ABB1E90CF1F4518A79DDDA36DCD3E0E27D0BE58ED97646F0E6EF088B06A19F982F6D3B9DCAC2EC7616BBE4AAEA23A89AA2DD23B8D2ED1C4B461E476B1E07EB2ADCA35044E28808888088880888826FAF16E6C16E775568F71CA1F5AE3E66CEF20E30AE5AF1648746289EC692195AD2E3D5CC763C5445A4020CCE193D00AA9544D5058C4FA15A5B34806DD631D4C3233B21B1923C5FE0A774F87C63686F6F4772B16A29CDAAD19BCC61C365D5EE6EEE039360524A8A47DBEE1514736E929DEE89DDED38F820EE1A9D70834F2368CE65A595BEC77E957D5E78D5538FDA1DBC0DFCD941EEE4DCBD0EA1044E288A222202222022220D6692D961D21B1D55AAA5EE8E3A86805ED0096E0820EFED0BA041A94B609335177AD7B3FA636319E3BD110774D12D11B5E89524F4F6A13113C9CA4AF9A4DA738E303A87829A6976ADB48AB748AB6BA823A49A0A99DF2B713ECB9A09CE08701E194441D87579AB67D86E02F177A80FAE667918A17E591ED3483B471CE3BFB876AA422202222022220FFD9','image/jpeg','pants.jpg',SYSDATE,'TOP SELLER','','')
/
INSERT INTO PRODUCT_INFO
VALUES(3,'Jacket','Fully lined jacket which is both professional and extremely comfortable to wear','Mens','Y','150','FFD8FFE000104A46494600010100000100010000FFDB00840009060614120D1513131413131216141319111815111015121917131016191C151714181B281E23192F1F18141F302025332C2E2C2C151E3135312A35262B2D2B01090A0A0505050D05050D291812182929292929292929292929292929292929292929292929292929292929292929292929292929292929292929292929292929FFC00011080068006803012200021101031101FFC4001C0001000203010101000000000000000000000708030406050201FFC400351000010401010505060505010000000000010002031104210506071261223151819113144171A1C123324392B142647293A233FFC40014010100000000000000000000000000000000FFC40014110100000000000000000000000000000000FFDA000C03010002110311003F009C511101111011110112D1011110111101111011110111783BF596E8B6564BD8E2C7888F2B81A20920687C7541A5BC9C4AC4C371612E9651A164601A3E0E71340F4D4F4514EF8F1632725CCF60E7E2B1A6F96391DCCEB03F3BC575D171D24C4AD3BB76A83AB3BFF9FC95EF330EFD7DAB89A23AEB6BDFDC8E2BC98D23D99B24D910BAB90E8F9186CDEAE365BD2FE4A3FBD3C96A4F26B682D26EFEF9E266FF00E1287380B2C702C900F1E576A4751617B6AA7ECCCF7C523648DC58F69B6B9A688215A6D959264C68A4356F8E371AEEB730135EA8369111011110111101729C5198376264DE96D601D4BA660A5D5A8DB8E79FCBB3E28EF592606BC446C77D2DCCFA2083DC7BD602F5FBA97BA8121ADED1AD06A059F335E6B137BD0666CDA57A2C6C1657E35A49F8681656328A0CC0D05677727239F64E23BBEF1E2FF98C0FB2AB934BDB68E97EA558AE10ED0126C689A3BE27491BBE7CE5E2BA53DA83B4444404444044440506F1CB69876D08E30EE61143AB41069D23C937D794314E45560DFBC8F69B5B2DE5BFAF2015A68C7726BFB50696CBC6BC0CD97E03DD1BD2DF90E35E8C5E3C2755D5ECF84B777326420812E763B584F71F6513DC6BE56E5CB3020C910EF3D7EC17D386ABE623A1F9EBE817EFB3B283676B6CCE4871721BF9656CCC759FD482675E9E1C8F8BEAA46E06EDD7372DF8C4FE1CAC2F68B341F1D6A0756DDFF88F05C7E4623A4D881C0170C6CCED559A66542059F06F3C4DF37AD8E1965166D9C53757272FEF639B5F541659111011110111100AABFBE7D9DAB983FB99FEB2B8FDD5A05136D5E104F93B4B22674B1450C92B9CDA0E7C946BFA680BF341CE6F8B9B1EEE6CA89BA07B1F2B878B8B4127D6477AA8EED485C5E8C43362E1B5C5CCC7C46004D5DB9CE166B4BA635472F7A0FA8C9D7E67ECB235DAAD780F67CCFF000164E641DBEE8D3F62ED66135F818EF1F1D6395EEFE43479AF1772EC6D3C4D35F79C7AFF007B175BC0DC664B939714AD6BE37E3B439AE16D2D12EB63CD762383D1C5B460C9C690B6264CC7BE292DD41A6FF0DFDFDE068EF54123A22202222022220222208B7899C2D9B3324E563BDAE71635AF8DE794F60502C777791AF9EAA28DA9B859F09224C49FE6D8CC8DFDD1D856A51055B878759DEE2FCA38F20635CD1CA58E1316906E411D73728ECEBD6FB812B1ECEDC7CE9B56624E47898CB1BEAFA0AD42208B3847C3DCAC2C8972324363E78BD9B181E1CFD5ED7173B97B23F2D55FC7E0A534440444404444044440444404444044440444404444044441FFD9','image/jpeg','jacket.jpg',SYSDATE,'','','')
/
INSERT INTO PRODUCT_INFO
VALUES(4,'Blouse','Silk blouse ideal for all business women','Womens','Y','60','FFD8FFE000104A46494600010100000100010000FFDB0084000906061010101512131215141316151214171614181A1417171719161815181C1A121720261F172525191713212F202428292C2D2C171E3135302A3529372C2901090A0A0E0C0E190F0F1A2C241E222D2A2D2F2C3535352C352E2D2F2934292929352B2A2B3535352A2C29292C2A342D2C29342C2D2C2C2C2C292C2C342C2C352CFFC00011080068006803012200021101031101FFC4001C0001000203000300000000000000000000000607030405010208FFC4003710000103020304060806030000000000000100021103041221310741517105061361A1C122233242728191B11492A2A3B2D1526282FFC4001A010100020301000000000000000000000000030602040501FFC400271100020202020003090000000000000000000102030411051221314113224251618191E1F0FFDA000C03010002110311003F00BC5111004444011141FAC1B55B6B5B936EDA6EAA5BED39AE01A1D3184647111067E8BCDE892BAA76BD416C9C22AEAA6D928013F877FE613E22254CBA03AC142F688AD45D2D3A83939A6261CDDC5134CCEDC6B6A5B9C7474D1117A40111100444401111005C3E9DEB8DA599C351E4BE27031A5EE83A4C64D983A90BB657CFDD2DD2A6ADCD4AC7DAA952A3A383412D689F85AD1F258C9E8DEC1C659136A4FC1124EB46D66E1CC70A34FB1A64118DDE95523491193350273EE2A056142BBDA5CF034903780738E3BF7AE81AA5D2665A72EF1CD65B7799D00CA26758EE50B932D3461D54BF70E50E44F70D4ACDD03D64BCB0AC1C3D597000080585B3935EDEEDC7519F195BF6B4435F53862007289F3F058AF28626E1DE41FAEE45226BA88DB1D48B2BA2F6B54B26DCD1753397A74FD630EE397B4DCFE2E6A776B74CAAC6D4638398E01CD70D082A84B6A62A31BC3D1EF22449F35676CDAEBD53E8C9863839B3B83B51F513FF004B38CF6F4CE0721C742A83B6BFC133444529C108888022220305FDD0A549F50890C63DF1C7082EF25F33BEB132749CE3C4F8AFA33ACD6B56AD9D7A5440351F49EC6C9812E1875E44AA3BA5FA917F6F4DCE7DB54710DD698ED47EDCC6BC372C2475F8D9463DB6F4CF4A00B9808C21AE683DFDFE2BDC320653C6777D1712C6EF0B58D20E33220FBB2E20E474D4A945D570D69F467700B5DAD168AAC528ED1A93C0CCC67A2C8FA1886872D0C792F177488C21870983A18CF285B02BBC522E3ED0827CD784DB39D60C753AC448C265E3B88D72E4E2A7BB3CBD06EC86990EA6F197169698F979AAE9B56E2E6E0368D17D47B2A104526927B39D491ECE8333C558DD5DEA5DF50BBA35C06D3A6D3EB18F7CB9C1C0830D6820113C46614B18BDA672B3AFAFD8CE0DADFC8B291114E53C222200888802222028DDA7D916F4D623A3E95178F94B3EED586A36699E454C76B960C9B6AF3E98754A51C5A407EBDC5BFACA81DDDC3832018DC56BD9E65BF8B96F1D337A98070F2FE97B5564D3A83FD4FF006B0503EC99990392DCA6062238823C14475BD0E9EC72CCFE32F2A6EECEDC7CDF2E3FC55B4141F6516EC6DBD53EF9AB0EE4D680DFBB94E56DC7C8A3E7BDE44C2222C8D208888022220088BC140553B55E95C7774E8839526623F13E0F835ADFCCA1784B839DBA16CF58EEFB6BCB8A9C6AD48F85AE2C1FA405AF484D277082B5E4FC4B9E157D298C7E86D3D863271D32E208EF596C6F7161275DEB568BE1E1A4983946FDDC744AB43B27EB91321466FEFD49FECE2F705C56A07DF870E627C89FA2B182A8FABF5B0DD51AA379603C89C3F6255B816C56F68AAF2F574BFB2F897E8222290E38444401111005E095E57822501F383BD22493AB9C4FCCCAF5AD5096963781FB2B96E7661D1EF74863E9F731E437E4D7481C864B09D93F479D7B523876900F380A1E8CB24394A5475A65436D544B49DD9C9D4F32BB97943188CB16A2558CCD96F470F71F1FE38CC7DA7C56C376756000182A40F67D63FD1E466578EB6C9A3CC511F069FF007DCAEFA1AA10583396BDBFC82BA82E359F53ACE910452920C82F739F9F18263C17682CE11EA72391CC8654A2E09AD0444521CC088880222200888802222008888022220088880222203FFFD9','image/jpeg','blouse.jpg',SYSDATE,'','','')
/
INSERT INTO PRODUCT_INFO
VALUES(5,'Skirt','Wrinkle free skirt','Womens','Y','80','FFD8FFE000104A46494600010100000100010000FFDB004300090607080706090807080A0A090B0D160F0D0C0C0D1B14151016201D2222201D1F1F2428342C242631271F1F2D3D2D3135373A3A3A232B3F443F384334393A37FFDB0043010A0A0A0D0C0D1A0F0F1A37251F253737373737373737373737373737373737373737373737373737373737373737373737373737373737373737373737373737FFC00011080068006803012200021101031101FFC4001C0000010403010000000000000000000000000203070801040506FFC4003C100001030203020A0803090000000000000100020304110506210731121314617182A1B1C1C222324151728191D2335292424554738394A2B2D1FFC40014010100000000000000000000000000000000FFC40014110100000000000000000000000000000000FFDA000C03010002110311003F009C508420179BC633B60D83626FC3EBE49992B1AD7173622E68B8B8DDAF62F48ABBED0AB5D579BB1491AE04366318E8600DF04131479FB2C49FBD58CF8E37B7BDAB6E3CDD9724F571BA0EB4ED1DEAB63A57FB7BD20CEFE7FAA0B3273565E1BF1CC3BFB967FD4D3F38E5B60BBB1CA03F0CC0F72AD3CA1C3DFF00558E3DF6B0EF4162E6DA1656886B8AB5FF00CB89EEEE6A5E0F9EB03C67128B0FA09667CD28716F0A12D1A024EA7982AE8C91C5BA903E6BB993AB8D0E67C2EA4BF82D654B0388FCA4F04F61282CAA10840210840210840DD44AD8209267FAB1B4B8F40175576BA674F5124CF37748E2F71E726E558CCE953C932A62B28363C99ED1D2E1C11DEAB74C7D22835DE9052DC9B28125BEE40D12BD8B0832D3AAD984906ED363EC3CEB5427E2DE82D2E0F58310C268AB01BF1F0324FAB415B8BC9ECB6AF9564AA104DDD097C27AAE36EC217AC40210840210841E3B6AF51C464E9D80DB8E963676F0BCAA0294EAA69DB55470306A082FF89505FF00A5A479942B26F40D9DE9B725949720C0DCB077AC8DC90E3AA0504F446C994E30A09BB62753C66055D4C4EB1557087439A3C5A548CA21D86D4DABB14A527D7863900F8491E60A5E40210840210841126DB6A2F5B86D37E485EF3D62079545321520ED86A38DCD463BFE153C6DEF779947B2A045D61601438A049364D9372B2F49BA07014E34EA99BA5B5C8241D8ED518338C71DF49E9E48FB03BCAA7855B367F55C97386132DEC0D43584F33BD1F32B2680421080421082BDED2AA394670C4DD7D1B2060EAB40F05E4252BB59AAA795660C4A606E1F552B874708AE1C9B90360A1C74491BD04E8812E29008BACBB7240DE81C26C02530A6DC74012A3D107470D9CD3564150D363148D907C883E0AD5B1C1EC6BDA6E1C2E3A154C8BD603DEAD0E57A8E5796F0BA8BDCC949113D3C11741D44210804D554A20A696676E8D85E7E42E9D5C7CDF3F27CAD8B4B7B114920079CB48F1415B2A1C6491CF76F71B95AB22DE923209D345AAE8CD906B5B5582344F18CAC7166DA20D770D124356C188958E28A060EAEE64B60D53BC494A1111B9011FAC158CD9854728C91869BDCC6D7C67AAF70EEB2AEEC88837B153BEC6DE5D949EC274655C807410D3E283DDA1084024C91B2563992B1AF63858B5C2E0FC90841C2C4325E5DC42E67C2A06B8FED420C47FC6CB8D36CB32E48EBB456463DCD9EE3B41421032ED9365E3BA7C407F559F6A6CEC8F02FE3310FD71FD8842049D90E097D2BF10FAC7F6A50D91E0237D66207AF1FD8842075BB27CBA37CB5EEE999BE0D5B94FB33CAF08F4E8E698FBE4A87F8108420E952E4BCB74AE0E8B06A4E10D417B387FED75DD631B1B0323686B4681AD16010840A421083FFD9','image/jpeg','skirt.jpg',SYSDATE,'','','')
/
INSERT INTO PRODUCT_INFO
VALUES(6,'Ladies Shoes','Low heel and cushioned interior for comfort and style in simple yet elegant shoes','Womens','Y','120','FFD8FFE000104A46494600010100000100010000FFDB0084000906061410101214121216151516141614181713141A1816141C141815151516151B1C1C26212320231F1E131F2F2C2F27292C2C2F161F3135303635282D2C2A01090A0A0505050D05050D291812182929292929292929292929292929292929292929292929292929292929292929292929292929292929292929292929292929FFC00011080068006803012200021101031101FFC4001C0001000202030100000000000000000000000607050801030402FFC4003D10000103020207040607090100000000000100020304110521060712314151712261819113233242A1B1145262C1D2E1F0243344547282B2C2D143FFC40014010100000000000000000000000000000000FFC40014110100000000000000000000000000000000FFDA000C03010002110311003F00BC51110111101111011110111101111011110140F583A78EA3F57016FA40369C5C2E1BC436DCF8F9298E295ED82192476E6349EBC8789B0F15AF98BE206A2491CF372F2E24F3BE6505ABA05ACA662168A4D964F6BD87B3201BF66FB9C3336CF2CC1DF69C02B50A96B1D04B76B8B5CC75C106C4169B823C6C56C46ADF4FDB88C5B32102A236F6DA32DB1BBD2307CC7027910826C8888088880888808888088882BFD6D62A590C7103ED12F7746E4D1E649FED54CBA5ED2B335BAEF5EDEE89B6F372AB2475B3418CC5E2ED0773C8F51F97C9756178D4B49511CD0BCB5EC21C08F88238822E08E457BE46FA46969F0EE3C160DF11B9B8B20DAED04D358F14A612B2CD7B6CD963BE71BBF09DE0FDE0A922D4AD0ED28970DA96CF11B8DCF65FB32378B4FCC1E0405B47A3F8F455B4F1CF0BB698F1C77B48F69AE1C083914192444404444044440444410ED6268D7D2610F68ED301BF7B7F254562942F89C438640FEAEB691CCB8B1556E99E0F1898B0D838E6D07DE0791E07AE5D37A0A4A69B657B288B26F686FC89E20F023F5CD7AF1EC00B412D19663A11BC77151FC2EB0C3280ECC6E2398E36F9F820CA55612633CC70206F521D5D69BBF0AA8B3EE69E42048DFABC048D1CC7C465CADDEEA5CAD7BB1D623967B9C147714A32D26F641B554954D958D7B1C1CD700E6B9A6E1C08B820AEE5436A9358BF4478A4A97FA97BBD5B9C7289C7813F549F239EEBABE1A5072888808888088880AB8D679D99E99DD07992D3F3563AADF5B86C694FDAFF0076A0C1CBA28F9E9E69E21B45993E203F78DB5DC59F6DB911CF31C55618BE12369AF6EEC9C08DC415B1FA0B1FECA4F391C7C834281EB2F43442E74D10F5523892D0328DE45DC07D97E67B883CC208668A5689186171CDA2EDBF2E5E17F885D7A47426DB43DDDFD387928E42F7472ED372734DC594D61C4595515F739B9381E1CC1EA82BD94E7FAC95C1AA8D6B36CCA3AB7804766295C72EE63CFC8F0DDD2B0D20C3FD11ECFB27E1DC5606F641BA60AE56B7686EB9AAA89A23947D2221900F367B4726BB9771BABB343B4F69F138F6A2DA63AF62C900072B5F648362104951110111101569AE007F67205C037F27372BEEE0ACB5F2F8C11622FD73411DD01976A8C1D923B6EB6D0B5F71B8EECFE0B2D8D6182A6092277BED201FAA77B5C3A1B1F05ED01728356B48680C1507686C9CC11C9CD243879DFC9634BDF1BB6E3716B8711C7B8F30AE1D6A68697174EC1D9766E23DC70CB68F7385BC41E6AAA9E89C066DBF7B730507C9C484E3B6D0D76E3B2323D415D35182C4FCC12C3F6736F913971E2B0F575258E22C4750BE63C71C3864833B4B81C6CB5C17FF0051ECF90FFAA5987559686963B64B7D92DCB67A5940E2D261EF34AC8D2E95C4398EA105E1A3BAC4C832A8777A41C7AA9D53D4B6468731C1C0EE2372D68A7D2F86D62F1E2A41A3FAC2FA3BEF14991DED26ED77820BF1160F4634AE2AF66D466CE1ED32F9B7BC7308833888880888838736EB0788683514F732534773C58360F9B6C88823188EA4A924BFA392688F2DA6C8DF27B49F8A8F566A1A41FBAAA89DDD2425BF16B8FC9110626A35215A3DDA67F491C3FC98BC6ED4A56FF2D1F84CCFC972883ACEA3EACFF0C3C2767E25CB3515567FF168EB3B7EE251104FF56BAB0930C99D2C92373616FA3639CE19DB371361E43C511107FFD9','image/jpeg','heels.jpg',SYSDATE,'','','')
/
INSERT INTO PRODUCT_INFO
VALUES(7,'Mens Shoes','Leather upper and lower lace up shoes','Mens','Y','110','FFD8FFE000104A46494600010100000100010000FFDB004300090607080706090807080A0A090B0D160F0D0C0C0D1B14151016201D2222201D1F1F2428342C242631271F1F2D3D2D3135373A3A3A232B3F443F384334393A37FFDB0043010A0A0A0D0C0D1A0F0F1A37251F253737373737373737373737373737373737373737373737373737373737373737373737373737373737373737373737373737FFC00011080068006803012200021101031101FFC4001C0001000105010100000000000000000000000702030406080501FFC4003A100001030203060305050803000000000001000203041105213106071251617141819113142223A1324252B1C115173343445372D16284C2FFC40017010101010100000000000000000000000000010203FFC400191101010101010100000000000000000000000102112212FFDA000C03010002110311003F009C5111011110111101111011110111101111079BB458C418060B5589D502E8E065C301B17B89B35A3A9240F3518D0EF271B967E29AA30E6B0E7EC8D23C37B077B4BF9DBCBC16C5BE2783B38223A125DDCE83E8E77A28222A82D3C2F272D1CB1B9AE796F1F3DF4E82C33783452B47ED3A596972CE68499E2F568E21E6D03AADA30FC4E871288CB875653D5463574128781E85734D2E2660B7CE196963A7EAB22BB6864AC6362643097DACEA99226BA4B726B88B8EFAF2B6AB18DEEDE58DEF1893B2A64C6F797826175BEEB1B67ACE13F364A70D2D676248E2F2CBADF259DB1FB6987ED3B1D1C3F2AAD8389D0937BB6F939A7C469D42E7A7161177BDED63756B4DAFE7AAB13C3253BA39DD7F8802D68362D3E163A83D47D17671759A28D7775BC838DCEEA0C71D4904E1A3D948D2E6179D08707139F5BE7C82925A43802D2083A1083EA222022220222208E77D4C95F825198AF66CC4BADDB2FCCA82DF62E37162A7ADEBE314F4347052D652BE5A79737C91E6E8B501D6E5716F0CC8B7230C5751C53B9D35048D9E1E6DC883C88D41EEA8F3006AAD8EE0D150F8DCC3620854B49BE6A0CA63F319E8AF0F660BE49AEEE21C0C00663A0EA561870009571B3BF87D9C4DBC8EE795875406D33DCD2F692DBEA49E2254B7BA4DAEA99661826253C669D9186D2991C039A464182C05DB6D01CC5AD722D68CE96131C5C25DC4E39B9C42A656BA2904911731C0E446483A9D1441B13BCA9E00CA2C7499A219367FBEDEFCD4AF455B4D5D009A92664B19F169FCF920C844440444411D6F66036A2A830BDCC0D7B0C8CD4136F848391BF2B8391D74511D4E1519799699E6391BABA2BB4B7BB7223E8174ECF0C55113A19E364B13C59CC7B4383875056A18C6EEB0BAD71928647D1C96B0681C71FA1CC79103A20829FEF31464D7402A606EB34560F60E67416EE00EAADC942D9A175450C8268DBF6AC2CE67F93750A6EC3B76F08A231E21516A86DC472528B11992092467DBC39AD136A761ABB01A9155070C763F2EAA16FCA7DFEEBDB9F0DF9660F271CC047D636B1D4ABF010C370003E36F155D5811CAF6D543EED35F8AD7BB08BE563CBC2F98EB7C95B65B40420F4A19B9155C8CF697239AC069234579B339A73CD052E0E8DF9123B2D8300DA29B0991AF8EA248EDF81C73F25E23A40F377B2EADBA4846B1DC77412F615BD3A41C2DC49B76FE368B1F4D3F25BE60F8C61F8D52FBCE19551D4457B1E139B4F223C0AE5D9AAE2D1B134755B66EBB1F6611B490B789DECAAC18A4634EB95DA6DCC11F53D50742A2B54D5115553C5514EF12432B03D8F1A39A45C1F44417511101512C51CD1BA3958D7C6F04398E170E1C8855A208DB6AF768DA90E9B057340B977BACCEC81E6C77879FA81928B716D96ACC2A42DADA49A94DF22F670B4F670F84F95D74DAF8E6B5ED2D70041D41D0A0E56F71A96FF0E5047FCAC7EB974F05F1D057DFF976BEB73FA02BA46AF64F00AB25D36134BC4757323E027CDB65E7CBBBCD9A93FA3959D1B5327EAE515CF0E8AB2D673E368EAF3FE9597C329FB75110EC5C7FF2BA1BF767B317CE9AA0FF00DA7FFB5759BB7D936104E15C647F72A2575FC8BACA8E6E7C3133396779FF0018C347AB8FE8B67D95D8FC6F1B95A70DA092280E4EAA9EED601E3F111F176683D974061FB338161AE0EA1C1E86078D1ECA76F17ADAEBD641838161C308C1E8B0E12BA514B0B22123858BAC2D7B22CE44411110111101111011110111101111011110111101111011110111101111011110111107FFD9','image/jpeg','shoes.jpg',SYSDATE,'','','')
/
INSERT INTO PRODUCT_INFO
VALUES(8,'Wallet','Travel wallet suitable for men and women. Several compartments for credit cards, passports and cash','Accessories','Y','50','FFD8FFE000104A46494600010100000100010000FFDB008400090606100D111214110F101410111510120D0E180E101B101012161C15201412171E1C1F322A23252F1A1E152B3B202F33292E2E38211E31373C2E41262B2C2901090A0A0E0C0D1A0E0F1A29211F242E31293534352D352C2F2C2D342A2D2C29352D2E2C302C3435352F2C2D2C352C293534342C2C2E2A2C29292C2F2C342C2C2CFFC00011080068006803012200021101031101FFC4001B00010002030101000000000000000000000006070405080302FFC4003C1000020102020606070509010000000000000102031104210506071251911322233161A141717281C1D1F0324252B2E1152433437392B1C2F114FFC4001A010100020301000000000000000000000000020301040506FFC4002911010002010203060700000000000000000001020304111221320531336181911334415171B1F0FFDA000C03010002110311003F00BC4000000000000000000000000000000000004635CF5DBF65285B0B52BCA6A527184E0B762B2BBBE6F3F424C8AE136F78497DBC3568B5DF153A6E4BC1EF6E9B1DA953CE83B77A9A6F8DA54ECBCCADF1B80A75976908CBC5AEB2F5359AE7C0AAD7989D9D6D3E8EB97145FEAB5307B5BD1B55673AB0F6A8C9AE70B9B8C26BB68EADF631B42FC255141F2958E64D35808E16A4541CB7651DE49BCD3BB4D5F9195A071B273DD94AF1B773E238E76DC8D1E2B5F839C4FBBAAE9D45249C5A69A4E2D34D34FB9A3E88BECDAA5F47D25F8655E36E0BA49B4B9344A0B22778DDCCC94E0BCD7ED3B000328000000000000209B505D5A0EFF8F2F7D2BBF87BCADE7F5F5F5F3B2B6A5FC3A197DE9F5BFB32E76E45677F2B1AD97BDE8FB3BC184635BD75A93F0A8BCE3F330F404BB55EA667EB8ACA8BF1AABCA9D8D668495AAC7DE663A519E5AAF58745ECAE5FB8FAAAD5F3DD7F126242B64F2BE0A5E15AA71FC34C9A9753A61C7D5F8F7FCC80024D600000000000041F6A4BB2A19FDF92DDE39473E57E6562D967ED4EDD051CBF98F3F77773B157CDFEBE7F23572F53D2767781EA8E6B8BEA52F6E7F951A4D1157B58E68DDEB8BECE97B72FF069745DAF2BC77A495A0B849E4999AF4A9CBF35EDFA744EC7E57C1D5FEBC9F3A7449D95EEC572C1D64DB6E35DABF1EA53F916117D3A5CAD5F3CF69F300049AC000000000000846D6256C351E1D37FA4F32AD9CBF4E6CB935F3576AE90C3C6345C7A4A73E91464ECA6B7649C53F43CFD453B8FC0D5C34DC2B539539ACDC649ABAE2BD0D78ABA3572C4EFBBD0F66DEBF0B877E68D6B7E70A7EDCBF2FF00C35BA0E2B7F3BFA5ACFEBD04C70DA955F4D49D2A152942749749DA39A8CA2F753578C5B59F81E6F641A670D3BFFE58D48AFB4E9E2293CBD52717C912AC4CD1567BD69AAE7E4B2B62B513A1898E79568BE715F14CB1CAE3643A2B138578B8D7C3D5A4A5D04A1BF0B272ED54B778E5BB7F596396D3A5CDD64C4E7B4C7F720004DAA000000000000187A4F4450C5C372BD28D487A1359C5F18BEF4FC558CC01989989DE116D5AD44868DC4D4AB4AACA54EA53DC8D2947AD0774EFBCBBFBB85C9480622223B92BE4B649E2B4EF258006500000000000000000000000000000000000007FFFD9','image/jpeg','wallet.jpg',SYSDATE,'','','')
/
INSERT INTO PRODUCT_INFO
VALUES(9,'Mens Shoes','Leather upper and lower lace up shoes','Mens','Y','110','FFD8FFE000104A46494600010100000100010000FFDB004300090607080706090807080A0A090B0D160F0D0C0C0D1B14151016201D2222201D1F1F2428342C242631271F1F2D3D2D3135373A3A3A232B3F443F384334393A37FFDB0043010A0A0A0D0C0D1A0F0F1A37251F253737373737373737373737373737373737373737373737373737373737373737373737373737373737373737373737373737FFC00011080068006803012200021101031101FFC4001C0001000105010100000000000000000000000702030406080501FFC4003A100001030203060305050803000000000001000203041105213106071251617141819113142223A1324252B1C115173343445372D16284C2FFC40017010101010100000000000000000000000000010203FFC400191101010101010100000000000000000000000102112212FFDA000C03010002110311003F009C5111011110111101111011110111101111079BB458C418060B5589D502E8E065C301B17B89B35A3A9240F3518D0EF271B967E29AA30E6B0E7EC8D23C37B077B4BF9DBCBC16C5BE2783B38223A125DDCE83E8E77A28222A82D3C2F272D1CB1B9AE796F1F3DF4E82C33783452B47ED3A596972CE68499E2F568E21E6D03AADA30FC4E871288CB875653D5463574128781E85734D2E2660B7CE196963A7EAB22BB6864AC6362643097DACEA99226BA4B726B88B8EFAF2B6AB18DEEDE58DEF1893B2A64C6F797826175BEEB1B67ACE13F364A70D2D676248E2F2CBADF259DB1FB6987ED3B1D1C3F2AAD8389D0937BB6F939A7C469D42E7A7161177BDED63756B4DAFE7AAB13C3253BA39DD7F8802D68362D3E163A83D47D17671759A28D7775BC838DCEEA0C71D4904E1A3D948D2E6179D08707139F5BE7C82925A43802D2083A1083EA222022220222208E77D4C95F825198AF66CC4BADDB2FCCA82DF62E37162A7ADEBE314F4347052D652BE5A79737C91E6E8B501D6E5716F0CC8B7230C5751C53B9D35048D9E1E6DC883C88D41EEA8F3006AAD8EE0D150F8DCC3620854B49BE6A0CA63F319E8AF0F660BE49AEEE21C0C00663A0EA561870009571B3BF87D9C4DBC8EE795875406D33DCD2F692DBEA49E2254B7BA4DAEA99661826253C669D9186D2991C039A464182C05DB6D01CC5AD722D68CE96131C5C25DC4E39B9C42A656BA2904911731C0E446483A9D1441B13BCA9E00CA2C7499A219367FBEDEFCD4AF455B4D5D009A92664B19F169FCF920C844440444411D6F66036A2A830BDCC0D7B0C8CD4136F848391BF2B8391D74511D4E1519799699E6391BABA2BB4B7BB7223E8174ECF0C55113A19E364B13C59CC7B4383875056A18C6EEB0BAD71928647D1C96B0681C71FA1CC79103A20829FEF31464D7402A606EB34560F60E67416EE00EAADC942D9A175450C8268DBF6AC2CE67F93750A6EC3B76F08A231E21516A86DC472528B11992092467DBC39AD136A761ABB01A9155070C763F2EAA16FCA7DFEEBDB9F0DF9660F271CC047D636B1D4ABF010C370003E36F155D5811CAF6D543EED35F8AD7BB08BE563CBC2F98EB7C95B65B40420F4A19B9155C8CF697239AC069234579B339A73CD052E0E8DF9123B2D8300DA29B0991AF8EA248EDF81C73F25E23A40F377B2EADBA4846B1DC77412F615BD3A41C2DC49B76FE368B1F4D3F25BE60F8C61F8D52FBCE19551D4457B1E139B4F223C0AE5D9AAE2D1B134755B66EBB1F6611B490B789DECAAC18A4634EB95DA6DCC11F53D50742A2B54D5115553C5514EF12432B03D8F1A39A45C1F44417511101512C51CD1BA3958D7C6F04398E170E1C8855A208DB6AF768DA90E9B057340B977BACCEC81E6C77879FA81928B716D96ACC2A42DADA49A94DF22F670B4F670F84F95D74DAF8E6B5ED2D70041D41D0A0E56F71A96FF0E5047FCAC7EB974F05F1D057DFF976BEB73FA02BA46AF64F00AB25D36134BC4757323E027CDB65E7CBBBCD9A93FA3959D1B5327EAE515CF0E8AB2D673E368EAF3FE9597C329FB75110EC5C7FF2BA1BF767B317CE9AA0FF00DA7FFB5759BB7D936104E15C647F72A2575FC8BACA8E6E7C3133396779FF0018C347AB8FE8B67D95D8FC6F1B95A70DA092280E4EAA9EED601E3F111F176683D974061FB338161AE0EA1C1E86078D1ECA76F17ADAEBD641838161C308C1E8B0E12BA514B0B22123858BAC2D7B22CE44411110111101111011110111101111011110111101111011110111101111011110111107FFD9','image/jpeg','shoes.jpg',SYSDATE,'','','')
/
INSERT INTO PRODUCT_INFO
VALUES(10,'Wallet','Travel wallet suitable for men and women. Several compartments for credit cards, passports and cash','Accessories','Y','50','FFD8FFE000104A46494600010100000100010000FFDB008400090606100D111214110F101410111510120D0E180E101B101012161C15201412171E1C1F322A23252F1A1E152B3B202F33292E2E38211E31373C2E41262B2C2901090A0A0E0C0D1A0E0F1A29211F242E31293534352D352C2F2C2D342A2D2C29352D2E2C302C3435352F2C2D2C352C293534342C2C2E2A2C29292C2F2C342C2C2CFFC00011080068006803012200021101031101FFC4001B00010002030101000000000000000000000006070405080302FFC4003C1000020102020606070509010000000000000102031104210506071251911322233161A141717281C1D1F0324252B2E1152433437392B1C2F114FFC4001A010100020301000000000000000000000000020301040506FFC4002911010002010203060700000000000000000001020304111221320531336181911334415171B1F0FFDA000C03010002110311003F00BC4000000000000000000000000000000000004635CF5DBF65285B0B52BCA6A527184E0B762B2BBBE6F3F424C8AE136F78497DBC3568B5DF153A6E4BC1EF6E9B1DA953CE83B77A9A6F8DA54ECBCCADF1B80A75976908CBC5AEB2F5359AE7C0AAD7989D9D6D3E8EB97145FEAB5307B5BD1B55673AB0F6A8C9AE70B9B8C26BB68EADF631B42FC255141F2958E64D35808E16A4541CB7651DE49BCD3BB4D5F9195A071B273DD94AF1B773E238E76DC8D1E2B5F839C4FBBAAE9D45249C5A69A4E2D34D34FB9A3E88BECDAA5F47D25F8655E36E0BA49B4B9344A0B22778DDCCC94E0BCD7ED3B000328000000000000209B505D5A0EFF8F2F7D2BBF87BCADE7F5F5F5F3B2B6A5FC3A197DE9F5BFB32E76E45677F2B1AD97BDE8FB3BC184635BD75A93F0A8BCE3F330F404BB55EA667EB8ACA8BF1AABCA9D8D668495AAC7DE663A519E5AAF58745ECAE5FB8FAAAD5F3DD7F126242B64F2BE0A5E15AA71FC34C9A9753A61C7D5F8F7FCC80024D600000000000041F6A4BB2A19FDF92DDE39473E57E6562D967ED4EDD051CBF98F3F77773B157CDFEBE7F23572F53D2767781EA8E6B8BEA52F6E7F951A4D1157B58E68DDEB8BECE97B72FF069745DAF2BC77A495A0B849E4999AF4A9CBF35EDFA744EC7E57C1D5FEBC9F3A7449D95EEC572C1D64DB6E35DABF1EA53F916117D3A5CAD5F3CF69F300049AC000000000000846D6256C351E1D37FA4F32AD9CBF4E6CB935F3576AE90C3C6345C7A4A73E91464ECA6B7649C53F43CFD453B8FC0D5C34DC2B539539ACDC649ABAE2BD0D78ABA3572C4EFBBD0F66DEBF0B877E68D6B7E70A7EDCBF2FF00C35BA0E2B7F3BFA5ACFEBD04C70DA955F4D49D2A152942749749DA39A8CA2F753578C5B59F81E6F641A670D3BFFE58D48AFB4E9E2293CBD52717C912AC4CD1567BD69AAE7E4B2B62B513A1898E79568BE715F14CB1CAE3643A2B138578B8D7C3D5A4A5D04A1BF0B272ED54B778E5BB7F596396D3A5CDD64C4E7B4C7F720004DAA000000000000187A4F4450C5C372BD28D487A1359C5F18BEF4FC558CC01989989DE116D5AD44868DC4D4AB4AACA54EA53DC8D2947AD0774EFBCBBFBB85C9480622223B92BE4B649E2B4EF258006500000000000000000000000000000000000007FFFD9','image/jpeg','wallet.jpg',SYSDATE,'','','')
/

INSERT INTO STATES (STTS_ST, STTS_STATE_NAME)
VALUES('AK','ALASKA')
/
INSERT INTO STATES (STTS_ST, STTS_STATE_NAME)
VALUES('AL','ALABAMA')
/
INSERT INTO STATES (STTS_ST, STTS_STATE_NAME)
VALUES('AR','ARKANSAS')
/
INSERT INTO STATES (STTS_ST, STTS_STATE_NAME)
VALUES('AZ','ARIZONA')
/
INSERT INTO STATES (STTS_ST, STTS_STATE_NAME)
VALUES('CA','CALIFORNIA')
/
INSERT INTO STATES (STTS_ST, STTS_STATE_NAME)
VALUES('CO','COLORADO')
/
INSERT INTO STATES (STTS_ST, STTS_STATE_NAME)
VALUES('CT','CONNECTICUT')
/
INSERT INTO STATES (STTS_ST, STTS_STATE_NAME)
VALUES('DC','DISTRICT OF COLUMBIA')
/
INSERT INTO STATES (STTS_ST, STTS_STATE_NAME)
VALUES('DE','DELAWARE')
/
INSERT INTO STATES (STTS_ST, STTS_STATE_NAME)
VALUES('FL','FLORIDA')
/
INSERT INTO STATES (STTS_ST, STTS_STATE_NAME)
VALUES('GA','GEORGIA')
/
INSERT INTO STATES (STTS_ST, STTS_STATE_NAME)
VALUES('HI','HAWAII')
/
INSERT INTO STATES (STTS_ST, STTS_STATE_NAME)
VALUES('IA','IOWA')
/
INSERT INTO STATES (STTS_ST, STTS_STATE_NAME)
VALUES('IL','ILLINOIS')
/
INSERT INTO STATES (STTS_ST, STTS_STATE_NAME)
VALUES('IN','INDIANA')
/
INSERT INTO STATES (STTS_ST, STTS_STATE_NAME)
VALUES('KS','KANSAS')
/
INSERT INTO STATES (STTS_ST, STTS_STATE_NAME)
VALUES('KY','KENTUCKY')
/
INSERT INTO STATES (STTS_ST, STTS_STATE_NAME)
VALUES('LA','LOUISIANA')
/
INSERT INTO STATES (STTS_ST, STTS_STATE_NAME)
VALUES('MA','MASSACHUSETTS')
/
INSERT INTO STATES (STTS_ST, STTS_STATE_NAME)
VALUES('MD','MARYLAND')
/
INSERT INTO STATES (STTS_ST, STTS_STATE_NAME)
VALUES('ME','MAINE')
/
INSERT INTO STATES (STTS_ST, STTS_STATE_NAME)
VALUES('MI','MICHIGAN')
/
INSERT INTO STATES (STTS_ST, STTS_STATE_NAME)
VALUES('MN','MINNESOTA')
/
INSERT INTO STATES (STTS_ST, STTS_STATE_NAME)
VALUES('MO','MISSOURI')
/
INSERT INTO STATES (STTS_ST, STTS_STATE_NAME)
VALUES('MS','MISSISSIPPI')
/
INSERT INTO STATES (STTS_ST, STTS_STATE_NAME)
VALUES('MT','MONTANA')
/
INSERT INTO STATES (STTS_ST, STTS_STATE_NAME)
VALUES('NC','NORTH CAROLINA')
/
INSERT INTO STATES (STTS_ST, STTS_STATE_NAME)
VALUES('ND','NORTH DAKOTA')
/
INSERT INTO STATES (STTS_ST, STTS_STATE_NAME)
VALUES('NE','NEBRASKA')
/
INSERT INTO STATES (STTS_ST, STTS_STATE_NAME)
VALUES('NH','NEW HAMPSHIRE')
/
INSERT INTO STATES (STTS_ST, STTS_STATE_NAME)
VALUES('NJ','NEW JERSEY')
/
INSERT INTO STATES (STTS_ST, STTS_STATE_NAME)
VALUES('NM','NEW MEXICO')
/
INSERT INTO STATES (STTS_ST, STTS_STATE_NAME)
VALUES('NV','NEVADA')
/
INSERT INTO STATES (STTS_ST, STTS_STATE_NAME)
VALUES('NY','NEW YORK')
/
INSERT INTO STATES (STTS_ST, STTS_STATE_NAME)
VALUES('OH','OHIO')
/
INSERT INTO STATES (STTS_ST, STTS_STATE_NAME)
VALUES('OK','OKLAHOMA')
/
INSERT INTO STATES (STTS_ST, STTS_STATE_NAME)
VALUES('OR','OREGON')
/
INSERT INTO STATES (STTS_ST, STTS_STATE_NAME)
VALUES('PA','PENNSYLVANIA')
/
INSERT INTO STATES (STTS_ST, STTS_STATE_NAME)
VALUES('RI','RHODE ISLAND')
/
INSERT INTO STATES (STTS_ST, STTS_STATE_NAME)
VALUES('SC','SOUTH CAROLINA')
/
INSERT INTO STATES (STTS_ST, STTS_STATE_NAME)
VALUES('SD','SOUTH DAKOTA')
/
INSERT INTO STATES (STTS_ST, STTS_STATE_NAME)
VALUES('TN','TENNESSEE')
/
INSERT INTO STATES (STTS_ST, STTS_STATE_NAME)
VALUES('TX','TEXAS')
/
INSERT INTO STATES (STTS_ST, STTS_STATE_NAME)
VALUES('UT','UTAH')
/
INSERT INTO STATES (STTS_ST, STTS_STATE_NAME)
VALUES('VA','VIRGINIA')
/
INSERT INTO STATES (STTS_ST, STTS_STATE_NAME)
VALUES('VT','VERMONT')
/
INSERT INTO STATES (STTS_ST, STTS_STATE_NAME)
VALUES('WA','WASHINGTON')
/
INSERT INTO STATES (STTS_ST, STTS_STATE_NAME)
VALUES('WI','WISCONSIN')
/
INSERT INTO STATES (STTS_ST, STTS_STATE_NAME)
VALUES('WV','WEST VIRGINIA')
/
INSERT INTO STATES (STTS_ST, STTS_STATE_NAME)
VALUES('WY','WYOMING')
/


INSERT INTO DEPARTMENTS (DEPT_NAME, DEPT_LOCATION)
VALUES('Accounting', 'New York')
/
INSERT INTO DEPARTMENTS (DEPT_NAME, DEPT_LOCATION)
VALUES('Research', 'Dallas')
/
INSERT INTO DEPARTMENTS (DEPT_NAME, DEPT_LOCATION)
VALUES('Sales', 'Chicago')
/
INSERT INTO DEPARTMENTS (DEPT_NAME, DEPT_LOCATION)
VALUES('Operations', 'Boston')
/
COMMIT
/
